,Trait,Sequence,Model,Log-likelihood,Corrected AIC,Pairwise Divergence Error,LOCO MSE,Z0,True Z0,Zeq
0,gc_content,segment_7916_8695_585_635,NeutralModel,93.97722999438622,-176.1897541064195,0.0019914342091230256,0.04183747638902745,0.3696097209599613,,0.37189634177208175
1,gc_content,segment_7916_8695_585_635,NeutralModel (Z0=Zeq),93.95972435449943,-181.2527820423322,0.0019747895854236616,0.03935828269861142,0.3698455898981073,,0.3698455898981073
2,gc_content,segment_7916_8695_585_635,NeutralModel (fixed u=1.34),93.928833647737,-178.71481015261685,0.0019886561491702873,0.04229487565610513,0.36958058524958354,,0.3715709427156264
3,gc_content,segment_7916_8695_585_635,"NeutralModel (Z0=Zeq, fixed u=1.34)",93.9036628217934,-183.48300131926248,0.001966883018619095,0.03930194132173466,0.36985297281164414,,0.36985297281164414
4,gc_content,segment_7916_8695_585_635,"NeutralModel (fixed u=1.34, Z_eq=0.44)",93.92883374847044,-181.19100083027422,0.0019886550963228683,0.04159749049579027,0.36957936067621733,,0.37157864607960644
5,gc_content,segment_7916_8695_585_635,"NeutralModel (fixed u=1.34, Z_eq=0.44, sigma_eq=0.2464/L)",,,,,,,
6,gc_content,segment_7916_8695_585_635,OU,94.11687341529756,-179.09088968773798,0.0020003599508461433,0.03952462816192841,0.3698345665014771,,0.3704240659503638
7,gc_content,segment_7916_8695_585_635,OU (Z0=Zeq),94.11687341527247,-181.56708016387827,0.0020003615606869,0.03952171768043365,0.3698345185658516,,0.3698345185658516
8,gc_content,segment_7916_8695_585_635,BM,94.1147302084929,-183.90513609266148,0.0020002462507903718,0.039522789306257265,0.3698268858681449,,0.3698268858681449
9,longest_ORF,segment_7916_8695_585_635,NeutralModel,210.7086263349011,-409.6525467874493,9.789639859273128e-06,0.00011842300979434866,0.334960926501654,,0.18307129690661925
10,longest_ORF,segment_7916_8695_585_635,NeutralModel (Z0=Zeq),207.7808663135142,-408.8950659603617,1.0674697402981506e-05,0.00011309044981381913,0.3197749288532559,,0.3197749288532559
11,longest_ORF,segment_7916_8695_585_635,NeutralModel (fixed u=1.34),208.85143334728525,-408.56000955171334,9.387063616338998e-06,0.00011969093874138306,0.3200907269928759,,0.3180209247548056
12,longest_ORF,segment_7916_8695_585_635,"NeutralModel (Z0=Zeq, fixed u=1.34)",207.82239875566825,-411.32047318701217,1.0599707026198497e-05,0.0001129521982470636,0.3197722713081997,,0.3197722713081997
13,longest_ORF,segment_7916_8695_585_635,OU,207.6554200257368,-406.1679829086164,1.0888801411796393e-05,0.00011167629298681487,0.3197845365806154,,0.31978453633147824
14,longest_ORF,segment_7916_8695_585_635,OU (Z0=Zeq),207.65542158581852,-408.64417650497035,1.0888790856771779e-05,0.00011344723003810623,0.31978333642383044,,0.31978333642383044
15,longest_ORF,segment_7916_8695_585_635,BM,207.64005546277352,-410.9557866012227,1.0914905432112498e-05,0.00011349967345335311,0.3197844050041836,,0.3197844050041836
16,A_percent,segment_7916_8695_585_635,NeutralModel,99.59997322093756,-187.43524055952219,0.0017185692840184113,0.02799651916477349,0.2971680157103562,,0.021922484960633877
17,A_percent,segment_7916_8695_585_635,NeutralModel (Z0=Zeq),99.46548521775463,-192.2643037688426,0.0017087522192523246,0.02645817627615961,0.26948053914299525,,0.26948053914299525
18,A_percent,segment_7916_8695_585_635,NeutralModel (fixed u=1.34),99.53872732801923,-189.93459751318133,0.001713742534243938,0.027817265121979375,0.2695858749159609,,0.2693227438784246
19,A_percent,segment_7916_8695_585_635,"NeutralModel (Z0=Zeq, fixed u=1.34)",99.38042817448807,-194.43653202465183,0.0017030177919591083,0.02650191294392264,0.26941752836977884,,0.26941752836977884
20,A_percent,segment_7916_8695_585_635,"NeutralModel (fixed u=1.34, Z_eq=0.28)",99.55629403395093,-192.4459214012352,0.00171517672933617,0.027915128371108835,0.29699007131498273,,0.08906064544450225
21,A_percent,segment_7916_8695_585_635,"NeutralModel (fixed u=1.34, Z_eq=0.28, sigma_eq=0.2016/L)",,,,,,,
22,A_percent,segment_7916_8695_585_635,OU,99.70685159315529,-190.27084604345345,0.0017274491709902415,0.0263399721455417,0.26966423265063966,,0.26286185402111767
23,A_percent,segment_7916_8695_585_635,OU (Z0=Zeq),99.70685159241009,-192.74703651815352,0.0017274422778483965,0.026342776992430362,0.26966443733775114,,0.26966443733775114
24,A_percent,segment_7916_8695_585_635,BM,99.70259106432698,-195.08085780432964,0.001727447618163479,0.026328488465618544,0.2696682373131577,,0.2696682373131577
25,longest_ORF_alan,segment_7916_8695_585_635,NeutralModel,-85.31521905744515,182.39514399724322,20.15072983125305,286.3346912241624,6.709944559971396,,17.13753389233765
26,longest_ORF_alan,segment_7916_8695_585_635,NeutralModel (Z0=Zeq),-86.04040429409534,178.74747525485733,21.857340959928408,278.7093173801827,7.900318140071698,,7.900318140071698
27,longest_ORF_alan,segment_7916_8695_585_635,NeutralModel (fixed u=1.34),-85.33895287010523,179.8207628830676,20.123305030852983,286.13662066790766,6.740951322628107,,14.404762973618203
28,longest_ORF_alan,segment_7916_8695_585_635,"NeutralModel (Z0=Zeq, fixed u=1.34)",-86.07865812375678,176.4816405718379,22.073848305692934,278.7206996720136,7.910491273990236,,7.910491273990236
29,longest_ORF_alan,segment_7916_8695_585_635,OU,-85.96457488320004,181.07200690925723,21.12707244607593,287.65484955681745,6.081382917021396,,10.601793287631992
30,longest_ORF_alan,segment_7916_8695_585_635,OU (Z0=Zeq),-85.96997470468351,178.60661607603367,21.100366076009557,278.0963442707538,7.856099135521594,,7.856099135521594
31,longest_ORF_alan,segment_7916_8695_585_635,BM,-86.18419764406649,176.6927196124573,22.56926144639785,280.94685847831903,7.930316120800216,,7.930316120800216
32,gc_content,segment_8938_9248,NeutralModel,93.1999228546143,-174.46436183826086,0.0018879494841114567,0.03577956179013517,0.30365091002533173,,0.6596711708996881
33,gc_content,segment_8938_9248,NeutralModel (Z0=Zeq),93.03177787225246,-179.3362830172322,0.0018888815639497634,0.03059171455842739,0.33931502284189746,,0.33931502284189746
34,gc_content,segment_8938_9248,NeutralModel (fixed u=1.34),93.09556235044643,-176.94112470089286,0.001889112216731757,0.035743861290356505,0.30453385875253536,,0.5684626015487042
35,gc_content,segment_8938_9248,"NeutralModel (Z0=Zeq, fixed u=1.34)",92.88186451009311,-181.41078784371564,0.0018902952220150298,0.030570466853955983,0.3393955784988085,,0.3393955784988085
36,gc_content,segment_8938_9248,"NeutralModel (fixed u=1.34, Z_eq=0.44)",93.09556235034032,-179.4638519734079,0.0018891121541843592,0.0357424620062119,0.30453326633662936,,0.5684655880490015
37,gc_content,segment_8938_9248,"NeutralModel (fixed u=1.34, Z_eq=0.44, sigma_eq=0.2464/L)",,,,,,,
38,gc_content,segment_8938_9248,OU,93.47432660909557,-177.69865321819114,0.0018850733916509707,0.03066152547085113,0.33905998302506535,,0.34350561404135194
39,gc_content,segment_8938_9248,OU (Z0=Zeq),93.47432660909561,-180.2213804909185,0.0018850734981845473,0.030649951796199688,0.33905996222542784,,0.33905996222542784
40,gc_content,segment_8938_9248,BM,93.4716152484604,-182.5902893204502,0.0018850663517488953,0.03065070202560761,0.33906630654606656,,0.33906630654606656
41,longest_ORF,segment_8938_9248,NeutralModel,83.26240801126883,-154.58933215156992,0.004789973599787477,0.05007581832491961,-0.07338366076515607,,2.7823221480343516
42,longest_ORF,segment_8938_9248,NeutralModel (Z0=Zeq),82.05834808933241,-157.3894234513921,0.004820470103597933,0.04360573909583323,0.21155372894839725,,0.21155372894839725
43,longest_ORF,segment_8938_9248,NeutralModel (fixed u=1.34),83.164172051587,-157.078344103174,0.004791911498539305,0.05014384953028497,-0.0802791209554051,,2.1409904831063207
44,longest_ORF,segment_8938_9248,"NeutralModel (Z0=Zeq, fixed u=1.34)",81.87178602169146,-159.39063086691235,0.004823741040506082,0.04368714409756797,0.21155452275858896,,0.21155452275858896
45,longest_ORF,segment_8938_9248,OU,82.61046507976373,-155.97093015952746,0.004811340164073144,0.04339966234123229,0.21154044854690843,,0.22510224830108824
46,longest_ORF,segment_8938_9248,OU (Z0=Zeq),82.61046507976431,-158.4936574322559,0.004811340194429292,0.04338551337569795,0.21154045367899893,,0.21154045367899893
47,longest_ORF,segment_8938_9248,BM,82.60078006325514,-160.8486189500397,0.004811423633289662,0.04339306447314339,0.211536679289688,,0.211536679289688
48,A_percent,segment_8938_9248,NeutralModel,111.70846136819779,-211.48143886542783,0.0007097312992993934,0.008825697436199022,0.4045235837423066,,0.003932619596881728
49,A_percent,segment_8938_9248,NeutralModel (Z0=Zeq),111.52984061196776,-216.3324084966628,0.0007089481895954247,0.008246194893495071,0.3645716579464479,,0.3645716579464479
50,A_percent,segment_8938_9248,NeutralModel (fixed u=1.34),111.66400332695201,-214.07800665390403,0.0007097234509933563,0.008643400211706053,0.4044314641985189,,0.10096127923715606
51,A_percent,segment_8938_9248,"NeutralModel (Z0=Zeq, fixed u=1.34)",111.45459126586772,-218.55624135526486,0.000709341830642122,0.008243868068551265,0.3645925555937622,,0.3645925555937622
52,A_percent,segment_8938_9248,"NeutralModel (fixed u=1.34, Z_eq=0.28)",111.66400332723273,-216.60073392719275,0.0007097235047319622,0.00863034999157588,0.4044314675797835,,0.10096160435101684
53,A_percent,segment_8938_9248,"NeutralModel (fixed u=1.34, Z_eq=0.28, sigma_eq=0.2016/L)",,,,,,,
54,A_percent,segment_8938_9248,OU,111.71098124928642,-214.17196249857284,0.0007080189931898969,0.008293892773842116,0.3645158159301913,,0.36451460910734845
55,A_percent,segment_8938_9248,OU (Z0=Zeq),111.71098116995896,-216.6946896126452,0.0007080192718316733,0.00826713056190129,0.36451553687367966,,0.36451553687367966
56,A_percent,segment_8938_9248,BM,111.72942679532491,-219.10591241417924,0.0007079348763819743,0.00825838734819206,0.3645148219699549,,0.3645148219699549
57,longest_ORF_alan,segment_8938_9248,NeutralModel,-124.49117790855027,260.9178396880683,323.3022589121255,4185.011840074208,-50.80170461186074,,839.141633866508
58,longest_ORF_alan,segment_8938_9248,NeutralModel (Z0=Zeq),-125.79598582680879,258.3192443808903,321.61049831435463,3693.6331667366426,37.9883740027059,,37.9883740027059
59,longest_ORF_alan,segment_8938_9248,NeutralModel (fixed u=1.34),-124.52533144017112,258.3006628803422,323.6135230274092,4030.959367420811,-51.83715548175339,,632.0015652807342
60,longest_ORF_alan,segment_8938_9248,"NeutralModel (Z0=Zeq, fixed u=1.34)",-125.91253392390954,256.1780090242897,321.30246118399236,3684.7056110315534,37.967838140830146,,37.967838140830146
61,longest_ORF_alan,segment_8938_9248,OU,-125.4543244266934,260.1586488533868,322.59471283144296,3598.127380001315,38.04483596851275,,38.04530492671836
62,longest_ORF_alan,segment_8938_9248,OU (Z0=Zeq),-125.45432407400244,257.63592087527763,322.60227184665086,3720.671475731403,38.04525300913156,,38.04525300913156
63,longest_ORF_alan,segment_8938_9248,BM,-125.45870902905617,255.2703592345829,322.60171540494275,3720.711315508087,38.04507257544039,,38.04507257544039
64,gc_content,segment_11196_11705_116_166,NeutralModel,91.1136303941152,-170.4090789700486,0.0028878972435065647,0.04972152616844807,0.4260342199037506,,0.43409687854486073
65,gc_content,segment_11196_11705_116_166,NeutralModel (Z0=Zeq),90.92877525785403,-175.17183622999377,0.002882725585499935,0.04647030451838699,0.4267393517496526,,0.4267393517496526
66,gc_content,segment_11196_11705_116_166,NeutralModel (fixed u=1.34),90.99652769146478,-172.81658479469425,0.002889356354098407,0.049743412442688366,0.42600880326678664,,0.4320561615081129
67,gc_content,segment_11196_11705_116_166,"NeutralModel (Z0=Zeq, fixed u=1.34)",90.74968437938429,-177.16603542543524,0.002882637821274242,0.04645233965040769,0.4266681640245463,,0.4266681640245463
68,gc_content,segment_11196_11705_116_166,"NeutralModel (fixed u=1.34, Z_eq=0.44)",90.9965541509431,-175.3073940161719,0.0028893550950516984,0.049650582975832296,0.4258976256024311,,0.43279158664856515
69,gc_content,segment_11196_11705_116_166,"NeutralModel (fixed u=1.34, Z_eq=0.44, sigma_eq=0.2464/L)",,,,,,,
70,gc_content,segment_11196_11705_116_166,OU,91.456967801343,-173.7374650144507,0.0028841424723053785,0.04653773890837034,0.42694464847930824,,0.42762850498907734
71,gc_content,segment_11196_11705_116_166,OU (Z0=Zeq),91.45696780134281,-176.22822131697134,0.0028841424527805124,0.04653564649912547,0.42694465164530004,,0.42694465164530004
72,gc_content,segment_11196_11705_116_166,BM,91.45561251179578,-178.5778916902582,0.0028840170775053086,0.046534184061636355,0.42694542179756795,,0.42694542179756795
73,longest_ORF,segment_11196_11705_116_166,NeutralModel,211.23010455367879,-410.64202728917576,8.842885436970301e-06,0.00011056370563855985,0.3259579544319941,,0.32646009145752564
74,longest_ORF,segment_11196_11705_116_166,NeutralModel (Z0=Zeq),211.1185183014898,-415.55132231726526,8.803890177515498e-06,0.00011031567510732371,0.3260101389364457,,0.3260101389364457
75,longest_ORF,segment_11196_11705_116_166,NeutralModel (fixed u=1.34),211.06138573669924,-412.94630088516317,8.854323373297254e-06,0.00011345449830187714,0.32600637354254985,,0.32602708509153566
76,longest_ORF,segment_11196_11705_116_166,"NeutralModel (Z0=Zeq, fixed u=1.34)",210.91391008760564,-417.494486841878,8.801300570465111e-06,0.00011023907226734096,0.3260118484367401,,0.3260118484367401
77,longest_ORF,segment_11196_11705_116_166,OU,211.6693593214901,-414.1622480547449,8.809053722508253e-06,0.00011047990573879727,0.326005858885206,,0.3260058588087476
78,longest_ORF,segment_11196_11705_116_166,OU (Z0=Zeq),211.66935933146522,-416.6530043772161,8.809059533728773e-06,0.00011048937914776099,0.32600586549887706,,0.32600586549887706
79,longest_ORF,segment_11196_11705_116_166,BM,211.73138168614125,-419.1294300389492,8.81041730034644e-06,0.00011055637028608415,0.32600578393192736,,0.32600578393192736
80,A_percent,segment_11196_11705_116_166,NeutralModel,94.75205781275508,-177.68593380732835,0.0027994707265133274,0.0347888013798113,0.41832619711590424,,-0.5333026895245024
81,A_percent,segment_11196_11705_116_166,NeutralModel (Z0=Zeq),94.39691044078617,-182.10810659585806,0.0028008473230359656,0.03459747057556921,0.3228195469568763,,0.3228195469568763
82,A_percent,segment_11196_11705_116_166,NeutralModel (fixed u=1.34),94.66254297299987,-180.14861535776444,0.002799968557195655,0.03477017102312309,0.4200619999489091,,-0.3161408198629368
83,A_percent,segment_11196_11705_116_166,"NeutralModel (Z0=Zeq, fixed u=1.34)",94.25020693753521,-184.16708054173708,0.002802292029506798,0.03455768574935712,0.32274669346300383,,0.32274669346300383
84,A_percent,segment_11196_11705_116_166,"NeutralModel (fixed u=1.34, Z_eq=0.28)",94.66254297233186,-182.63937165894944,0.0027999685079556033,0.03476991198416916,0.42006612166053314,,-0.3161683810100463
85,A_percent,segment_11196_11705_116_166,"NeutralModel (fixed u=1.34, Z_eq=0.28, sigma_eq=0.2016/L)",,,,,,,
86,A_percent,segment_11196_11705_116_166,OU,94.82686586688862,-180.47726114554195,0.002796613544889049,0.03472045800924076,0.32304889525338587,,0.33079868247698857
87,A_percent,segment_11196_11705_116_166,OU (Z0=Zeq),94.82686586688823,-182.96801744806217,0.0027966135460183636,0.0347196507788027,0.32304889631463807,,0.32304889631463807
88,A_percent,segment_11196_11705_116_166,BM,94.82449909658035,-185.31566485982736,0.0027966157815241194,0.03471416966105711,0.32304434434161583,,0.32304434434161583
89,longest_ORF_alan,segment_11196_11705_116_166,NeutralModel,-105.99207114358768,223.80232410535717,38.89715726627819,574.4337753539575,7.179032944006097,,-5.932142318137396
90,longest_ORF_alan,segment_11196_11705_116_166,NeutralModel (Z0=Zeq),-107.43337337889596,221.5524610435062,42.54084410445785,534.6736396171607,4.500485442499081,,4.500485442499081
91,longest_ORF_alan,segment_11196_11705_116_166,NeutralModel (fixed u=1.34),-106.06079064885932,221.29805188595395,39.01971851382387,571.9900348802482,7.377194713230351,,-13.078368915500015
92,longest_ORF_alan,segment_11196_11705_116_166,"NeutralModel (Z0=Zeq, fixed u=1.34)",-107.66095076711454,219.65523486756243,43.082903870127815,534.212084058165,4.488730689174817,,4.488730689174817
93,longest_ORF_alan,segment_11196_11705_116_166,OU,-105.50831481997696,220.19310022818922,38.45490637014506,594.0989108577896,3.1343013381183216,,5.050388732335049
94,longest_ORF_alan,segment_11196_11705_116_166,OU (Z0=Zeq),-105.50877497163768,217.70326422898964,38.457295454169746,556.9306826948632,4.706114964691406,,4.706114964691406
95,longest_ORF_alan,segment_11196_11705_116_166,BM,-108.1733176270751,220.67996858748353,44.33469853925841,533.6164284820094,4.465717797493526,,4.465717797493526
96,gc_content,segment_11196_11705,NeutralModel,114.88062108988996,-217.9430603615981,0.0010991616318957304,0.0126524779163191,0.43848210139233296,,0.11767130499917931
97,gc_content,segment_11196_11705,NeutralModel (Z0=Zeq),114.58281645932315,-222.47991863293203,0.0010998417002313382,0.011852910732904504,0.40626744335562565,,0.40626744335562565
98,gc_content,segment_11196_11705,NeutralModel (fixed u=1.34),114.77109344771863,-220.36571630720195,0.0010992115076634914,0.012626675027578749,0.4393189857929343,,0.1891904494693774
99,gc_content,segment_11196_11705,"NeutralModel (Z0=Zeq, fixed u=1.34)",114.39106197635786,-224.44879061938238,0.0011003222217633338,0.011845008099969936,0.4062306504526616,,0.4062306504526616
100,gc_content,segment_11196_11705,"NeutralModel (fixed u=1.34, Z_eq=0.44)",114.77109340760558,-222.85647252949687,0.0010992113876475247,0.012635846636611953,0.4393190082859462,,0.1892027233520245
101,gc_content,segment_11196_11705,"NeutralModel (fixed u=1.34, Z_eq=0.44, sigma_eq=0.2464/L)",,,,,,,
102,gc_content,segment_11196_11705,OU,115.143047570108,-221.1096245519807,0.0010985284938339378,0.011886090464717936,0.40637110672459004,,0.3989603852239154
103,gc_content,segment_11196_11705,OU (Z0=Zeq),115.1430475701113,-223.60038085450833,0.0010985284941151681,0.011882201062559015,0.4063710991426069,,0.4063710991426069
104,gc_content,segment_11196_11705,BM,115.14218996503745,-225.95104659674155,0.0010985280744881447,0.01188362096795734,0.4063726995255535,,0.4063726995255535
105,longest_ORF,segment_11196_11705,NeutralModel,92.4234670357349,-173.028752253288,0.002696120156084088,0.05029138627471072,0.033028591980206225,,1.2746478210004828
106,longest_ORF,segment_11196_11705,NeutralModel (Z0=Zeq),91.95330485332039,-177.2208954209265,0.0026785057516379414,0.047825033507876466,0.15744370642025343,,0.15744370642025343
107,longest_ORF,segment_11196_11705,NeutralModel (fixed u=1.34),92.28701572670917,-175.39756086518304,0.0026983557335026912,0.05030443437465093,0.030646474784448825,,0.9916543707038546
108,longest_ORF,segment_11196_11705,"NeutralModel (Z0=Zeq, fixed u=1.34)",91.75648968527705,-179.17964603722075,0.002678176295086273,0.047830817513228326,0.1574159943065899,,0.1574159943065899
109,longest_ORF,segment_11196_11705,OU,92.53929849470535,-175.9021264011754,0.002680815837847372,0.047810564185502676,0.1575061713328275,,0.16923864148854786
110,longest_ORF,segment_11196_11705,OU (Z0=Zeq),92.53929849476046,-178.39288270380663,0.0026808216487823333,0.04781122665984666,0.15750625251737257,,0.15750625251737257
111,longest_ORF,segment_11196_11705,BM,92.53922232119798,-180.74511130906262,0.002680575076180614,0.047808746010026194,0.15751062094332202,,0.15751062094332202
112,A_percent,segment_11196_11705,NeutralModel,130.97770893005884,-250.13723604193586,0.00033967343997375716,0.005220547391084449,0.24879277353159,,0.7050204172735272
113,A_percent,segment_11196_11705,NeutralModel (Z0=Zeq),130.51906498941227,-254.35241569311026,0.00033915206537923063,0.004733225162098804,0.2945779769820758,,0.2945779769820758
114,A_percent,segment_11196_11705,NeutralModel (fixed u=1.34),130.87810893063687,-252.57974727303844,0.00033983128390479146,0.005225526438038603,0.24763124535189002,,0.6030684158359763
115,A_percent,segment_11196_11705,"NeutralModel (Z0=Zeq, fixed u=1.34)",130.351593843001,-256.3698543526687,0.00033938552426746147,0.004742220186545172,0.2946121881816179,,0.2946121881816179
116,A_percent,segment_11196_11705,"NeutralModel (fixed u=1.34, Z_eq=0.28)",130.87810893440502,-255.07050358309576,0.0003398310936708747,0.005213378025449909,0.2476260754482144,,0.6031019449398903
117,A_percent,segment_11196_11705,"NeutralModel (fixed u=1.34, Z_eq=0.28, sigma_eq=0.2016/L)",,,,,,,
118,A_percent,segment_11196_11705,OU,131.00130964868407,-252.82614870913284,0.0003385425809918246,0.004713950149867192,0.29447799568485455,,0.3230605300898558
119,A_percent,segment_11196_11705,OU (Z0=Zeq),131.00129900427777,-255.31688372284125,0.00033852920266894143,0.004704246836237497,0.29449605164314224,,0.29449605164314224
120,A_percent,segment_11196_11705,BM,130.99936395781543,-257.66539458229755,0.00033853917101803904,0.004710297420897426,0.2944766106661964,,0.2944766106661964
121,longest_ORF_alan,segment_11196_11705,NeutralModel,-160.69115660091018,333.20049502000217,699.5855609652004,5816.929519480722,41.598039635516706,,42.6713789159149
122,longest_ORF_alan,segment_11196_11705,NeutralModel (Z0=Zeq),-160.76414757966444,328.2140094450432,704.3650901030712,5620.404794854576,41.767251804053515,,41.767251804053515
123,longest_ORF_alan,segment_11196_11705,NeutralModel (fixed u=1.34),-158.11313421210866,325.4027390124526,581.875728580218,6047.138377117887,90.96422630344694,,-275.1348804500705
124,longest_ORF_alan,segment_11196_11705,"NeutralModel (Z0=Zeq, fixed u=1.34)",-161.11480228336805,326.5629379000694,728.4193544068884,5615.018425314002,41.705818369111626,,41.705818369111626
125,longest_ORF_alan,segment_11196_11705,OU,-155.50907261211484,320.194615812465,493.920994470334,6620.645744760726,436.46940268580715,,25.943847738000596
126,longest_ORF_alan,segment_11196_11705,OU (Z0=Zeq),-155.93087591648668,318.5474661186877,493.71618821184836,6264.936141077842,43.73249013643943,,43.73249013643943
127,longest_ORF_alan,segment_11196_11705,BM,-161.87543380971155,328.0842009527564,785.4938409361628,5604.418357095052,41.60489349197589,,41.60489349197589
128,gc_content,segment_10270_10563_141_191,NeutralModel,76.72218810827385,-141.5693762165477,0.0027213747876643772,0.0428332822050068,0.3782169219328828,,0.6129391502960679
129,gc_content,segment_10270_10563_141_191,NeutralModel (Z0=Zeq),74.75958501431063,-142.81328767568007,0.003485888824716055,0.03894246518910591,0.4272284429992584,,0.4272284429992584
130,gc_content,segment_10270_10563_141_191,NeutralModel (fixed u=1.34),76.61277228844169,-144.01342336476216,0.002753524145476895,0.04284681650646777,0.38106589932980345,,0.6984724494470861
131,gc_content,segment_10270_10563_141_191,"NeutralModel (Z0=Zeq, fixed u=1.34)",74.56123602285578,-144.7796149028544,0.0035880399084904395,0.03899353822515955,0.42381640323868175,,0.42381640323868175
132,gc_content,segment_10270_10563_141_191,"NeutralModel (fixed u=1.34, Z_eq=0.44)",76.61277228847038,-146.51966222399957,0.002753521020043187,0.04285299506099998,0.3810670890590623,,0.6984647037433661
133,gc_content,segment_10270_10563_141_191,"NeutralModel (fixed u=1.34, Z_eq=0.44, sigma_eq=0.2464/L)",,,,,,,
134,gc_content,segment_10270_10563_141_191,OU,78.04651513620988,-146.88090906029853,0.0023211978533111597,0.044119631697372805,0.1374322369474162,,0.4464677322000907
135,gc_content,segment_10270_10563_141_191,OU (Z0=Zeq),77.9642061783112,-149.22253000368121,0.002332822278768808,0.04079706001931144,0.42165670666908145,,0.42165670666908145
136,gc_content,segment_10270_10563_141_191,BM,73.91827708236596,-143.49369702187477,0.0038773906316716665,0.03912428505082781,0.4239160030843248,,0.4239160030843248
137,longest_ORF,segment_10270_10563_141_191,NeutralModel,183.0704038589337,-354.2658077178674,3.06518363021278e-05,0.00043037776410992395,0.28202942021324046,,0.6833148602282468
138,longest_ORF,segment_10270_10563_141_191,NeutralModel (Z0=Zeq),179.3194945196933,-351.93310668644546,3.143361726019568e-05,0.00044454860417481983,0.322261995349163,,0.322261995349163
139,longest_ORF,segment_10270_10563_141_191,NeutralModel (fixed u=1.34),182.94264115063072,-356.67316108914025,3.0683493269314376e-05,0.0004058466068918259,0.28119017821540215,,0.5923420094193216
140,longest_ORF,segment_10270_10563_141_191,"NeutralModel (Z0=Zeq, fixed u=1.34)",179.12658981450699,-353.9103224861568,3.1451091186673705e-05,0.0004435118818281876,0.3222648083225137,,0.3222648083225137
141,longest_ORF,segment_10270_10563_141_191,OU,179.83916202449467,-350.46620283686815,3.139237647359466e-05,0.0004467596217510581,0.32225193505268945,,0.3222519403713064
142,longest_ORF,segment_10270_10563_141_191,OU (Z0=Zeq),179.8391620349723,-352.97244171700345,3.139278306888803e-05,0.0004473636540468721,0.3222519349500088,,0.3222519349500088
143,longest_ORF,segment_10270_10563_141_191,BM,179.8976999049611,-355.452542667065,3.138878009681372e-05,0.00044766018652868297,0.32225191966148964,,0.32225191966148964
144,A_percent,segment_10270_10563_141_191,NeutralModel,99.70675219143251,-187.53850438286503,0.0011901846984901533,0.022261390058629815,0.08965896673746404,,0.8838004331274215
145,A_percent,segment_10270_10563_141_191,NeutralModel (Z0=Zeq),99.49473712120702,-192.28359188947286,0.0011794032974040084,0.021256232509009817,0.16937296554238582,,0.16937296554238582
146,A_percent,segment_10270_10563_141_191,NeutralModel (fixed u=1.34),99.6727656893809,-190.13341016664057,0.0011883403095725798,0.022656789517991945,0.08768856522154939,,0.7060892683580161
147,A_percent,segment_10270_10563_141_191,"NeutralModel (Z0=Zeq, fixed u=1.34)",99.4483144889625,-194.55377183506783,0.001175060179695,0.02122996906809441,0.16943797040134173,,0.16943797040134173
148,A_percent,segment_10270_10563_141_191,"NeutralModel (fixed u=1.34, Z_eq=0.28)",99.67276568938347,-192.63964902582575,0.001188340347714563,0.02265668884182488,0.08768859791188231,,0.7060890410522301
149,A_percent,segment_10270_10563_141_191,"NeutralModel (fixed u=1.34, Z_eq=0.28, sigma_eq=0.2016/L)",,,,,,,
150,A_percent,segment_10270_10563_141_191,OU,99.62973018045221,-190.0473391487832,0.0011934721340698864,0.02132886161937799,0.1691813635351145,,0.21311809905114795
151,A_percent,segment_10270_10563_141_191,OU (Z0=Zeq),99.62973018159443,-192.55357801024766,0.0011934681063336934,0.02133172406143605,0.16918153012776302,,0.16918153012776302
152,A_percent,segment_10270_10563_141_191,BM,99.61984855747087,-194.8968399720846,0.0011936198945162715,0.021334672437610894,0.16918307093724091,,0.16918307093724091
153,longest_ORF_alan,segment_10270_10563_141_191,NeutralModel,-99.65903014627838,211.19306029255677,43.28622417685407,487.8121744015775,-36.0713973306448,,379.99412202697545
154,longest_ORF_alan,segment_10270_10563_141_191,NeutralModel (Z0=Zeq),-101.18379219683115,209.0734667466035,43.663691792287935,514.661577272131,6.861478471513002,,6.861478471513002
155,longest_ORF_alan,segment_10270_10563_141_191,NeutralModel (fixed u=1.34),-99.65940677011605,208.53093475235332,43.332692987742014,491.87604115815196,-36.78382843824339,,293.7152459018795
156,longest_ORF_alan,segment_10270_10563_141_191,"NeutralModel (Z0=Zeq, fixed u=1.34)",-101.23225032834179,206.80735779954074,43.602884669598126,517.648028167668,6.884436956684201,,6.884436956684201
157,longest_ORF_alan,segment_10270_10563_141_191,OU,-101.04527530543585,211.30267182299292,43.862083102646515,505.78396360513165,6.791141210191024,,6.791997096581919
158,longest_ORF_alan,segment_10270_10563_141_191,OU (Z0=Zeq),-101.04527471960395,208.7964317921491,43.86180170010294,505.72349643405965,6.791159466905884,,6.791159466905884
159,longest_ORF_alan,segment_10270_10563_141_191,BM,-101.06473355525819,206.47232425337353,43.861649304698744,505.9511891418325,6.791647796967184,,6.791647796967184
160,gc_content,segment_8305_8605,NeutralModel,120.00178863535241,-228.2388713883519,0.0006882621970786462,0.012461108101781066,0.17831070251562597,,2.321536010769419
161,gc_content,segment_8305_8605,NeutralModel (Z0=Zeq),117.00077369584864,-227.33488072503062,0.0006902084279329556,0.013535176141615207,0.3931347061905154,,0.3931347061905154
162,gc_content,segment_8305_8605,NeutralModel (fixed u=1.34),119.920220428561,-230.69758371426485,0.000688272796156153,0.012458444134681147,0.17428448775142044,,1.8325752044095118
163,gc_content,segment_8305_8605,"NeutralModel (Z0=Zeq, fixed u=1.34)",116.86742631821605,-229.41052831210777,0.0006898990937235597,0.013522206745460301,0.3931329834641994,,0.3931329834641994
164,gc_content,segment_8305_8605,"NeutralModel (fixed u=1.34, Z_eq=0.44)",119.92022042836558,-233.1737741900645,0.0006882726880128569,0.012460603359564313,0.1742834117461755,,1.832582123150123
165,gc_content,segment_8305_8605,"NeutralModel (fixed u=1.34, Z_eq=0.44, sigma_eq=0.2464/L)",,,,,,,
166,gc_content,segment_8305_8605,OU,117.39044219557866,-225.63802724830018,0.0006914847628048165,0.013589692590742886,0.39313683173807396,,0.46718530594077873
167,gc_content,segment_8305_8605,OU (Z0=Zeq),117.39044219543473,-228.1142177242028,0.0006914849628460531,0.013577570744842615,0.3931367213065775,,0.3931367213065775
168,gc_content,segment_8305_8605,BM,117.38830023611078,-230.45227614789724,0.0006914640633158393,0.013575203866003476,0.39313442173557545,,0.39313442173557545
169,longest_ORF,segment_8305_8605,NeutralModel,80.27358922468952,-148.7824725670261,0.004318262408221138,0.08417324617745704,0.18338595445205536,,0.31196997537167426
170,longest_ORF,segment_8305_8605,NeutralModel (Z0=Zeq),80.76821293458612,-154.86975920250558,0.004287594544732243,0.08432060039608852,0.18888693688877572,,0.18888693688877572
171,longest_ORF,segment_8305_8605,NeutralModel (fixed u=1.34),81.71346530425296,-154.2840734656488,0.004323396271950026,0.08411848672871271,-0.12862618174212745,,2.276137024518937
172,longest_ORF,segment_8305_8605,"NeutralModel (Z0=Zeq, fixed u=1.34)",80.66554198789585,-157.00675965146738,0.004279983510529402,0.08415874094582906,0.1890289767909056,,0.1890289767909056
173,longest_ORF,segment_8305_8605,OU,81.07704622825257,-153.011235313648,0.004312596089762525,0.0848016046913677,0.18845238491533206,,0.2151252328559975
174,longest_ORF,segment_8305_8605,OU (Z0=Zeq),81.07704622023255,-155.48742577379844,0.0043126306307517785,0.08481480983900848,0.18845121375752658,,0.18845121375752658
175,longest_ORF,segment_8305_8605,BM,81.06570307514522,-157.80708182596612,0.004313239290694476,0.08480410047428211,0.18845262483864839,,0.18845262483864839
176,A_percent,segment_8305_8605,NeutralModel,130.06125342242964,-248.35780096250636,0.00035519594891816945,0.006563129497453498,0.27415435373055214,,0.17472688286287594
177,A_percent,segment_8305_8605,NeutralModel (Z0=Zeq),129.9509670032346,-253.23526733980256,0.00035343315813429695,0.006410609696041597,0.2641802417446894,,0.2641802417446894
178,A_percent,segment_8305_8605,NeutralModel (fixed u=1.34),129.9903760769485,-250.83789501103988,0.00035474595753658903,0.006691916041779493,0.26462031660346463,,0.2613553451527528
179,A_percent,segment_8305_8605,"NeutralModel (Z0=Zeq, fixed u=1.34)",129.8646832121444,-255.40504209996448,0.0003525670710693925,0.006407875233411208,0.2641773167589617,,0.2641773167589617
180,A_percent,segment_8305_8605,"NeutralModel (fixed u=1.34, Z_eq=0.28)",129.99137136697559,-253.3160760672845,0.0003547587326107584,0.006620266481728192,0.2649887923187873,,0.25892448884601954
181,A_percent,segment_8305_8605,"NeutralModel (fixed u=1.34, Z_eq=0.28, sigma_eq=0.2016/L)",,,,,,,
182,A_percent,segment_8305_8605,OU,130.17310875944523,-251.20336037603332,0.00035612307804159073,0.006416899879830021,0.26418644183864864,,0.2641864110640087
183,A_percent,segment_8305_8605,OU (Z0=Zeq),130.17310876061688,-253.6795508545671,0.0003561230784910045,0.0064170297182951945,0.26418561199672125,,0.26418561199672125
184,A_percent,segment_8305_8605,BM,130.19716364696018,-256.07000296959603,0.00035645004970757493,0.006418086143122265,0.2641864338902472,,0.2641864338902472
185,longest_ORF_alan,segment_8305_8605,NeutralModel,-151.90286268393578,315.5704312502245,473.9557468063779,9099.976647484897,-22.83621540552692,,640.5811390947223
186,longest_ORF_alan,segment_8305_8605,NeutralModel (Z0=Zeq),-152.27112162098518,311.20890990863705,470.74731248819853,8709.17646319195,43.66827100889397,,43.66827100889397
187,longest_ORF_alan,segment_8305_8605,NeutralModel (fixed u=1.34),-151.94473998019038,313.0323371032379,474.5741164615003,8014.930358315844,-24.084901989254863,,489.28564647603446
188,longest_ORF_alan,segment_8305_8605,"NeutralModel (Z0=Zeq, fixed u=1.34)",-152.3061550034157,308.93663433115574,468.46881061851946,8681.473247357471,43.675500503766806,,43.675500503766806
189,longest_ORF_alan,segment_8305_8605,OU,-152.16928500939568,313.4814271616485,478.25540226439534,8620.027846911773,43.646927676844115,,43.64720573775119
190,longest_ORF_alan,segment_8305_8605,OU (Z0=Zeq),-152.1692829553684,311.0052325774035,478.18237851327217,8792.026974782331,43.646991127302165,,43.646991127302165
191,longest_ORF_alan,segment_8305_8605,BM,-152.17833826033188,308.6810008449881,478.15486603901513,8792.105865147396,43.64654958031928,,43.64654958031928
192,gc_content,segment_7916_8695_466_516,NeutralModel,92.59343613314499,-173.42216638393705,0.0024771952028783805,0.03229589801470589,0.05132567165550088,,3.3992493456846677
193,gc_content,segment_7916_8695_466_516,NeutralModel (Z0=Zeq),90.51740567742672,-174.3681446881868,0.0026099000693871003,0.0317084290377492,0.3948424072324002,,0.3948424072324002
194,gc_content,segment_7916_8695_466_516,NeutralModel (fixed u=1.34),92.57106255604273,-175.99926796922833,0.0024766452707743066,0.03199939667537249,0.044639871632018054,,2.7032947610865112
195,gc_content,segment_7916_8695_466_516,"NeutralModel (Z0=Zeq, fixed u=1.34)",90.52023995705365,-176.71615558978297,0.002604986079647507,0.03168768607571249,0.3948890582036306,,0.3948890582036306
196,gc_content,segment_7916_8695_466_516,"NeutralModel (fixed u=1.34, Z_eq=0.44)",92.57106255603979,-178.47545844541293,0.002476645406010604,0.032219675099226214,0.044639820462681605,,2.7032950832746137
197,gc_content,segment_7916_8695_466_516,"NeutralModel (fixed u=1.34, Z_eq=0.44, sigma_eq=0.2464/L)",,,,,,,
198,gc_content,segment_7916_8695_466_516,OU,90.4879436797366,-171.83303021661607,0.002624306824696892,0.03248932679299863,0.39469086055875696,,0.3946946115254887
199,gc_content,segment_7916_8695_466_516,OU (Z0=Zeq),90.4879435932744,-174.30922051988213,0.0026243069318157824,0.03198849017153209,0.39469421504604774,,0.39469421504604774
200,gc_content,segment_7916_8695_466_516,BM,90.48265268944488,-176.64098105456543,0.0026260395370219245,0.03171575499288836,0.3946909443145508,,0.3946909443145508
201,longest_ORF,segment_7916_8695_466_516,NeutralModel,77.51407446446967,-143.26344304658642,0.003097200461873624,0.04812937602628097,0.10135626320625134,,1.0954421355243213
202,longest_ORF,segment_7916_8695_466_516,NeutralModel (Z0=Zeq),74.9149878180477,-143.16330896942875,0.0031586159917340183,0.04721714580732417,0.287254208162891,,0.287254208162891
203,longest_ORF,segment_7916_8695_466_516,NeutralModel (fixed u=1.34),77.39411414996025,-145.64537115706335,0.003094521962205751,0.04805736047207069,0.10854938484787342,,1.4880396339727284
204,longest_ORF,segment_7916_8695_466_516,"NeutralModel (Z0=Zeq, fixed u=1.34)",74.66282955282045,-145.0013347813166,0.0031783868101597753,0.047212786247104226,0.2903674696348026,,0.2903674696348026
205,longest_ORF,segment_7916_8695_466_516,OU,78.98950108680145,-148.83614503074577,0.0031745695854504914,0.0506687266579036,-0.692443591597431,,0.3579638751971728
206,longest_ORF,segment_7916_8695_466_516,OU (Z0=Zeq),78.31617668589477,-149.9656867051229,0.003177967695446273,0.050143038987167925,0.2907179676737676,,0.2907179676737676
207,longest_ORF,segment_7916_8695_466_516,BM,74.02533952760686,-143.7263547308894,0.003374114147799601,0.047214084665369735,0.29026961056103723,,0.29026961056103723
208,A_percent,segment_7916_8695_466_516,NeutralModel,108.8638168247997,-205.96292776724647,0.0009048462585626828,0.015058315440061023,0.2587374835413731,,-0.21366121710853683
209,A_percent,segment_7916_8695_466_516,NeutralModel (Z0=Zeq),108.77088334175475,-210.87510001684285,0.000900343007286614,0.013793677588564557,0.2101083974281927,,0.2101083974281927
210,A_percent,segment_7916_8695_466_516,NeutralModel (fixed u=1.34),108.86961104158019,-208.59636494030323,0.0009034434377059873,0.015614298711881313,0.25817703454612545,,-0.10591491632672266
211,A_percent,segment_7916_8695_466_516,"NeutralModel (Z0=Zeq, fixed u=1.34)",108.77648174990304,-213.22863917548176,0.0008981008741778737,0.013800117688287275,0.2101058760436497,,0.2101058760436497
212,A_percent,segment_7916_8695_466_516,"NeutralModel (fixed u=1.34, Z_eq=0.28)",108.86961104156035,-211.07255541645404,0.0009034432524926093,0.015315930628181207,0.2581772383944281,,-0.10591616779737974
213,A_percent,segment_7916_8695_466_516,"NeutralModel (fixed u=1.34, Z_eq=0.28, sigma_eq=0.2016/L)",,,,,,,
214,A_percent,segment_7916_8695_466_516,OU,108.73971474021258,-208.33657233756801,0.0009068226071670833,0.013677117133093835,0.21012261927689113,,0.21012241374743937
215,A_percent,segment_7916_8695_466_516,OU (Z0=Zeq),108.73971473727218,-210.8127628078777,0.0009068226029132828,0.013770062282253423,0.2101224175341542,,0.2101224175341542
216,A_percent,segment_7916_8695_466_516,BM,108.73472355509297,-213.14512278586162,0.000907594664478056,0.013774110685148503,0.21012252352717609,,0.21012252352717609
217,longest_ORF_alan,segment_7916_8695_466_516,NeutralModel,-89.04344184686556,189.85158957608405,18.003579181663245,284.7162122210298,1.0010028831748632,,27.769571226938204
218,longest_ORF_alan,segment_7916_8695_466_516,NeutralModel (Z0=Zeq),-89.08797557548172,184.8426178176301,17.920293943465534,262.28303748554197,6.09789802414613,,6.09789802414613
219,longest_ORF_alan,segment_7916_8695_466_516,NeutralModel (fixed u=1.34),-89.0333092032558,187.20947554936873,17.668023922218296,292.6003601261124,1.6973730110260221,,34.990048892617395
220,longest_ORF_alan,segment_7916_8695_466_516,"NeutralModel (Z0=Zeq, fixed u=1.34)",-89.09592222201664,182.5161687683576,18.076907340721387,261.6084344709422,6.100811226734211,,6.100811226734211
221,longest_ORF_alan,segment_7916_8695_466_516,OU,-89.04232142999369,187.22750000284452,17.940215422849167,281.26938728762303,1.0982572935408392,,27.495524925061105
222,longest_ORF_alan,segment_7916_8695_466_516,OU (Z0=Zeq),-89.08781311308273,184.84229289283212,17.895316272449545,265.8914802754925,6.097375982019756,,6.097375982019756
223,longest_ORF_alan,segment_7916_8695_466_516,BM,-89.15090411067331,182.62613254567094,18.44781411091929,261.71522943765126,6.10559130021498,,6.10559130021498
224,gc_content,segment_11935_12275_204_254,NeutralModel,79.38989569212018,-146.8443075132726,0.005283787468696223,0.051339800055197726,0.7502214098332426,,-2.7118509325948392
225,gc_content,segment_11935_12275_204_254,NeutralModel (Z0=Zeq),78.13881736151947,-149.55036199576622,0.005167254528090556,0.05300096146422694,0.4052960804153891,,0.4052960804153891
226,gc_content,segment_11935_12275_204_254,NeutralModel (fixed u=1.34),79.34295599240792,-149.43591198481585,0.0052799110725424364,0.0510668856716746,0.7568454859956992,,-1.9228976529945168
227,gc_content,segment_11935_12275_204_254,"NeutralModel (Z0=Zeq, fixed u=1.34)",78.02510787049893,-151.69727456452728,0.005164665721600175,0.05300136595171832,0.4052694527150724,,0.4052694527150724
228,gc_content,segment_11935_12275_204_254,"NeutralModel (fixed u=1.34, Z_eq=0.44)",79.342955992377,-151.95863925748128,0.005279913582081434,0.0513645657617574,0.75684609511228,,-1.922902335751467
229,gc_content,segment_11935_12275_204_254,"NeutralModel (fixed u=1.34, Z_eq=0.44, sigma_eq=0.2464/L)",,,,,,,
230,gc_content,segment_11935_12275_204_254,OU,78.47152973524673,-147.69305947049347,0.005176666293705022,0.0530171718405151,0.40537643750560226,,0.3825192113852333
231,gc_content,segment_11935_12275_204_254,OU (Z0=Zeq),78.47152973492815,-150.2157867425836,0.0051766606235177665,0.05302496801741161,0.40537685243870863,,0.40537685243870863
232,gc_content,segment_11935_12275_204_254,BM,78.4624448141195,-152.5719484517684,0.005176915444487961,0.0530194678485992,0.4053865657030764,,0.4053865657030764
233,longest_ORF,segment_11935_12275_204_254,NeutralModel,160.86455550574732,-309.7936271405269,7.137665303989695e-05,0.0007755163394602415,0.31712370036305726,,0.317384395304813
234,longest_ORF,segment_11935_12275_204_254,NeutralModel (Z0=Zeq),160.51778546213018,-314.3082981969876,7.142053023417837e-05,0.0007715961680012141,0.3171443172412651,,0.3171443172412651
235,longest_ORF,segment_11935_12275_204_254,NeutralModel (fixed u=1.34),160.77676198906005,-312.3035239781201,7.145759789527396e-05,0.000768776851060937,0.310270784465677,,0.3627080554410895
236,longest_ORF,segment_11935_12275_204_254,"NeutralModel (Z0=Zeq, fixed u=1.34)",160.28030946473,-316.2076777529894,7.145703506085072e-05,0.0007759357215678165,0.3171413614169931,,0.3171413614169931
237,longest_ORF,segment_11935_12275_204_254,OU,161.15484327732278,-313.05968655464557,7.134254354858254e-05,0.0007602018741482566,0.3171525467452157,,0.3171525498443209
238,longest_ORF,segment_11935_12275_204_254,OU (Z0=Zeq),161.15484326489292,-315.5824138025131,7.134254247416944e-05,0.0007601931463684345,0.31715259161142567,,0.31715259161142567
239,longest_ORF,segment_11935_12275_204_254,BM,161.22634740464946,-318.0997536328283,7.133639977381598e-05,0.0007589363530179752,0.3171525963808419,,0.3171525963808419
240,A_percent,segment_11935_12275_204_254,NeutralModel,85.18508268701598,-158.4346815030642,0.0023392720710741144,0.02569394359288528,0.21007371511929893,,0.23138604584709518
241,A_percent,segment_11935_12275_204_254,NeutralModel (Z0=Zeq),86.10417645609854,-165.48108018492437,0.0022585314713989783,0.024395426872441266,0.22258992444767334,,0.22258992444767334
242,A_percent,segment_11935_12275_204_254,NeutralModel (fixed u=1.34),86.15885895408586,-163.06771790817172,0.002263278690905036,0.02567159420503258,0.20747036297812307,,0.3226028044810883
243,A_percent,segment_11935_12275_204_254,"NeutralModel (Z0=Zeq, fixed u=1.34)",86.06102417854933,-167.76910718062808,0.0022521920958274563,0.024559116298834727,0.22260406435647895,,0.22260406435647895
244,A_percent,segment_11935_12275_204_254,"NeutralModel (fixed u=1.34, Z_eq=0.28)",86.1588589540781,-165.59044518088348,0.0022632783019224984,0.02568876974054625,0.20746967514403736,,0.3226076207649878
245,A_percent,segment_11935_12275_204_254,"NeutralModel (fixed u=1.34, Z_eq=0.28, sigma_eq=0.2016/L)",,,,,,,
246,A_percent,segment_11935_12275_204_254,OU,86.21689661371157,-163.18379322742314,0.0022798249748476563,0.023976178549751606,0.22256205127263518,,0.22896282628921122
247,A_percent,segment_11935_12275_204_254,OU (Z0=Zeq),86.21689661388051,-165.7065205004883,0.0022798289281779523,0.02397471648414108,0.2225619190612251,,0.2225619190612251
248,A_percent,segment_11935_12275_204_254,BM,86.2019889229555,-168.0510366694404,0.0022802845800641417,0.02393116310209372,0.22254917924471151,,0.22254917924471151
249,longest_ORF_alan,segment_11935_12275_204_254,NeutralModel,-83.31511552511896,178.56571492120565,33.532832244531036,351.29574945922985,-2.260008321820843,,60.864227722722575
250,longest_ORF_alan,segment_11935_12275_204_254,NeutralModel (Z0=Zeq),-83.50815233161251,173.74357739049773,33.483682708990244,326.0318797396178,4.014388481370382,,4.014388481370382
251,longest_ORF_alan,segment_11935_12275_204_254,NeutralModel (fixed u=1.34),-83.37664818506721,176.00329637013442,33.52858677532815,351.06857146984566,-2.429817168519562,,46.77256393098868
252,longest_ORF_alan,segment_11935_12275_204_254,"NeutralModel (Z0=Zeq, fixed u=1.34)",-83.6178461902622,171.58863355699498,33.47467416497753,325.64860577458467,4.005731804899828,,4.005731804899828
253,longest_ORF_alan,segment_11935_12275_204_254,OU,-83.17828890919705,175.6065778183941,33.519329910401936,332.3218582987047,4.039612472719379,,4.039812355452127
254,longest_ORF_alan,segment_11935_12275_204_254,OU (Z0=Zeq),-83.17828899928035,173.08385072583343,33.51939273935231,329.53661075034324,4.039609108269972,,4.039609108269972
255,longest_ORF_alan,segment_11935_12275_204_254,BM,-83.19050506618186,170.7339513088343,33.519248654578654,327.1847753467471,4.03963820693116,,4.03963820693116
256,gc_content,segment_320_722,NeutralModel,105.61497425731542,-199.35494851463085,0.0016629795264473874,0.014394310543630374,1.0221349545957716,,-4.12765012896184
257,gc_content,segment_320_722,NeutralModel (Z0=Zeq),97.72646809764402,-188.74705384234684,0.0020549097331534314,0.023257948784788644,0.5094026102202583,,0.5094026102202583
258,gc_content,segment_320_722,NeutralModel (fixed u=1.34),105.50552226310634,-201.79892331409147,0.0016642305486714254,0.014425812593371253,1.0335743946031177,,-2.9649757114429662
259,gc_content,segment_320_722,"NeutralModel (Z0=Zeq, fixed u=1.34)",97.44025451549305,-190.53765188812895,0.0020583011188470774,0.02343790475682373,0.5092926248192672,,0.5092926248192672
260,gc_content,segment_320_722,"NeutralModel (fixed u=1.34, Z_eq=0.44)",105.50552226087193,-204.30516216880267,0.0016642344181183521,0.014425779243920637,1.0335816681266412,,-2.965024620817169
261,gc_content,segment_320_722,"NeutralModel (fixed u=1.34, Z_eq=0.44, sigma_eq=0.2464/L)",,,,,,,
262,gc_content,segment_320_722,OU,98.57531786088377,-187.93851450964632,0.00204515884945434,0.022751638728623815,0.5097533641447718,,0.4585399779270625
263,gc_content,segment_320_722,OU (Z0=Zeq),98.57531785256262,-190.44475335218405,0.002045161430582613,0.022760361689200446,0.509754456657046,,0.509754456657046
264,gc_content,segment_320_722,BM,98.56991881014338,-192.7969804774296,0.002045173318537337,0.022756420970787408,0.5097490144341582,,0.5097490144341582
265,longest_ORF,segment_320_722,NeutralModel,78.21037134423,-144.54574268846,0.003932024650678832,0.059494285124805014,0.4257319496788757,,-1.5505031228739055
266,longest_ORF,segment_320_722,NeutralModel (Z0=Zeq),77.83194189565276,-148.95800143836433,0.003912346828765364,0.052365331227841115,0.22916986524293864,,0.22916986524293864
267,longest_ORF,segment_320_722,NeutralModel (fixed u=1.34),78.19621926105046,-147.1803173099797,0.003926288576675494,0.05838560806842199,0.4301076187089887,,-1.1036835231183524
268,longest_ORF,segment_320_722,"NeutralModel (Z0=Zeq, fixed u=1.34)",77.79008589395164,-151.23731464504613,0.0039035912519438188,0.05233343725248443,0.22926263179831413,,0.22926263179831413
269,longest_ORF,segment_320_722,OU,77.94133865689408,-146.67055610166693,0.0039419170428417185,0.05248414086544209,0.22888930658874493,,0.18239526466050687
270,longest_ORF,segment_320_722,OU (Z0=Zeq),77.94133865675207,-149.17679496056294,0.003941916004676487,0.05247913647776401,0.2288890748300854,,0.2288890748300854
271,longest_ORF,segment_320_722,BM,77.93903492637426,-151.53521270989137,0.003941851997580802,0.0524825845963573,0.2289006047407638,,0.2289006047407638
272,A_percent,segment_320_722,NeutralModel,129.4462262111231,-247.0174524222462,0.00042475210515685726,0.003225321595530866,-0.04342651400732954,,2.7380498635628423
273,A_percent,segment_320_722,NeutralModel (Z0=Zeq),121.53294055881672,-236.35999876469225,0.0005452284853290252,0.004866192010391753,0.2338709474176002,,0.2338709474176002
274,A_percent,segment_320_722,NeutralModel (fixed u=1.34),129.4112834312326,-249.61044565034396,0.000424557307629708,0.003238216177876421,-0.04958113824336457,,2.112599915086823
275,A_percent,segment_320_722,"NeutralModel (Z0=Zeq, fixed u=1.34)",121.33943966755288,-238.3360221922486,0.0005457948754955351,0.004919059818469933,0.23393828767974645,,0.23393828767974645
276,A_percent,segment_320_722,"NeutralModel (fixed u=1.34, Z_eq=0.28)",129.4112834314432,-252.1166845099452,0.000424556800295949,0.0032333470270334485,-0.04958081476669217,,2.112597284031641
277,A_percent,segment_320_722,"NeutralModel (fixed u=1.34, Z_eq=0.28, sigma_eq=0.2016/L)",,,,,,,
278,A_percent,segment_320_722,OU,122.02666584031627,-234.84121046851132,0.0005438470043867161,0.004790744634125408,0.2336598321926138,,0.23365999426225267
279,A_percent,segment_320_722,OU (Z0=Zeq),122.0860726194928,-237.4662628860444,0.0005436988098731727,0.00473043091972515,0.23365975840430825,,0.23365975840430825
280,A_percent,segment_320_722,BM,122.07973687468463,-239.8166166065121,0.0005437049286115755,0.0047177385202271755,0.23365953066083814,,0.23365953066083814
281,longest_ORF_alan,segment_320_722,NeutralModel,-163.41160326102053,338.69820652204106,1050.6799835950007,15142.23557009313,50.1063686639868,,49.27485478775994
282,longest_ORF_alan,segment_320_722,NeutralModel (Z0=Zeq),-163.39108614493824,333.48805464281764,1045.9569794667684,13825.878433229022,49.6411333894367,,49.6411333894367
283,longest_ORF_alan,segment_320_722,NeutralModel (fixed u=1.34),-162.5340565076095,334.2802342273402,993.6186216332926,14564.119180933563,206.3057043576474,,-971.6465836651059
284,longest_ORF_alan,segment_320_722,"NeutralModel (Z0=Zeq, fixed u=1.34)",-163.4642834917996,331.27142412645634,1057.7904013035634,13798.451579731243,49.499224006583724,,49.499224006583724
285,longest_ORF_alan,segment_320_722,OU,-162.59552412259413,334.40316945730945,992.0091723968128,14661.247909092852,259.48426049126135,,-105.44110442432644
286,longest_ORF_alan,segment_320_722,OU (Z0=Zeq),-163.20066441466435,333.10721118226985,996.0608375508286,14236.850396341099,50.45694533363431,,50.45694533363431
287,longest_ORF_alan,segment_320_722,BM,-163.6542142162046,331.65128557526634,1089.3267290316232,13782.651601595273,49.21713167468615,,49.21713167468615
288,gc_content,segment_7916_8695_389_439,NeutralModel,92.8761001629654,-173.98749444357787,0.002813649216246329,0.0295360209266963,-0.2477756595406339,,5.441920069515929
289,gc_content,segment_7916_8695_389_439,NeutralModel (Z0=Zeq),86.69151967467533,-166.716372682684,0.0030347374124670735,0.04566750812645119,0.3306703005203923,,0.3306703005203923
290,gc_content,segment_7916_8695_389_439,NeutralModel (fixed u=1.34),92.86232502698013,-176.58179291110312,0.0028116891979492395,0.031522980394240493,-0.2577997647398583,,4.186432416809616
291,gc_content,segment_7916_8695_389_439,"NeutralModel (Z0=Zeq, fixed u=1.34)",86.67987177318335,-169.03541922204238,0.0030286499029421312,0.045594674518035096,0.3306508552071266,,0.3306508552071266
292,gc_content,segment_7916_8695_389_439,"NeutralModel (fixed u=1.34, Z_eq=0.44)",92.86232502701861,-179.05798338737057,0.002811688240197043,0.03328737364570799,-0.2577992449917844,,4.186428908404291
293,gc_content,segment_7916_8695_389_439,"NeutralModel (fixed u=1.34, Z_eq=0.44, sigma_eq=0.2464/L)",,,,,,,
294,gc_content,segment_7916_8695_389_439,OU,92.19359066389438,-175.24432418493163,0.0030789352841230993,0.03374372620110518,-0.26403789634066605,,22.40921852308118
295,gc_content,segment_7916_8695_389_439,OU (Z0=Zeq),86.70353740287457,-166.7404081390825,0.00306262512452029,0.04583997504354245,0.33069965344344354,,0.33069965344344354
296,gc_content,segment_7916_8695_389_439,BM,86.70312272089393,-169.08192111746354,0.0030664492576368135,0.04589935109163228,0.3306998496258757,,0.3306998496258757
297,longest_ORF,segment_7916_8695_389_439,NeutralModel,221.38977911344898,-431.01485234454503,6.9948612194341575e-06,8.800014077965749e-05,0.3207231706829954,,0.3200066341601113
298,longest_ORF,segment_7916_8695_389_439,NeutralModel (Z0=Zeq),221.11872375182708,-435.57078083698747,6.9872124267374385e-06,8.782143021191809e-05,0.3206491595856535,,0.3206491595856535
299,longest_ORF,segment_7916_8695_389_439,NeutralModel (fixed u=1.34),221.2787288605771,-433.41460057829704,6.9943569865184815e-06,8.808314170198775e-05,0.3207292297752972,,0.32013206468819105
300,longest_ORF,segment_7916_8695_389_439,"NeutralModel (Z0=Zeq, fixed u=1.34)",220.91969862290262,-437.5150729214809,6.983335212706765e-06,8.768472065253622e-05,0.3206474526948519,,0.3206474526948519
301,longest_ORF,segment_7916_8695_389_439,OU,221.65648755814485,-434.1701179734325,6.998691144534174e-06,8.816351036268595e-05,0.32065367560332,,0.3206536756226523
302,longest_ORF,segment_7916_8695_389_439,OU (Z0=Zeq),221.65648674988054,-436.6463068330944,6.998674169632969e-06,8.816225050427946e-05,0.3206539911385565,,0.3206539911385565
303,longest_ORF,segment_7916_8695_389_439,BM,221.71721496954223,-439.11010561476013,7.001061739640527e-06,8.823642031421628e-05,0.3206539104636953,,0.3206539104636953
304,A_percent,segment_7916_8695_389_439,NeutralModel,95.49258412371485,-179.22046236507677,0.0019529542536679502,0.02477723866783429,0.7422298271414579,,-3.1261756267888714
305,A_percent,segment_7916_8695_389_439,NeutralModel (Z0=Zeq),90.98629652891694,-175.30592639116722,0.0020786733492773523,0.028920695553666102,0.3358356897782684,,0.3358356897782684
306,A_percent,segment_7916_8695_389_439,NeutralModel (fixed u=1.34),95.51787708957696,-181.89289703629677,0.0019479983008843056,0.025157502737378545,0.7483588652871989,,-2.377899495279273
307,A_percent,segment_7916_8695_389_439,"NeutralModel (Z0=Zeq, fixed u=1.34)",90.87159909440686,-177.4188738644894,0.002110352220489033,0.028863835503543663,0.3359046049953069,,0.3359046049953069
308,A_percent,segment_7916_8695_389_439,"NeutralModel (fixed u=1.34, Z_eq=0.28)",95.51787708968,-184.36908751269334,0.0019479992673770512,0.023146474789662485,0.7483598044714913,,-2.377905401480655
309,A_percent,segment_7916_8695_389_439,"NeutralModel (fixed u=1.34, Z_eq=0.28, sigma_eq=0.2016/L)",,,,,,,
310,A_percent,segment_7916_8695_389_439,OU,95.7380759217765,-182.33329470069586,0.0018569255966513188,0.02524550173825759,1.3870466117415527,,0.1153015212742699
311,A_percent,segment_7916_8695_389_439,OU (Z0=Zeq),91.38659730603737,-176.1065279454081,0.0019048087166389932,0.029431452610998637,0.33566621576166905,,0.33566621576166905
312,A_percent,segment_7916_8695_389_439,BM,90.58768685874237,-176.85104939316042,0.0021862187890798095,0.028844483907071183,0.33608733908063154,,0.33608733908063154
313,longest_ORF_alan,segment_7916_8695_389_439,NeutralModel,-91.51928222963514,194.8032703416232,18.244662362233818,311.5443341177252,-7.685632460876587,,70.34229770677351
314,longest_ORF_alan,segment_7916_8695_389_439,NeutralModel (Z0=Zeq),-93.05336420040655,192.77339506747975,20.480919816079318,307.33345334489763,7.298088836877915,,7.298088836877915
315,longest_ORF_alan,segment_7916_8695_389_439,NeutralModel (fixed u=1.34),-91.54319325733067,192.22924365751848,18.33105931560753,309.4974041930408,-7.316906212402915,,102.47365619381601
316,longest_ORF_alan,segment_7916_8695_389_439,"NeutralModel (Z0=Zeq, fixed u=1.34)",-93.20151568161872,190.72735568756175,20.853507551446842,307.60919810109766,7.30496737184685,,7.30496737184685
317,longest_ORF_alan,segment_7916_8695_389_439,OU,-91.74430072144806,192.63145858575325,18.213378551497463,316.94529194871586,-18.278838611631752,,19.08653185416246
318,longest_ORF_alan,segment_7916_8695_389_439,OU (Z0=Zeq),-92.24656502846186,191.15979672359038,17.9489326806983,302.0513852972319,7.201577627140653,,7.201577627140653
319,longest_ORF_alan,segment_7916_8695_389_439,BM,-93.55507718772623,191.43447869977678,21.71825435226474,308.1057491716348,7.317848578282052,,7.317848578282052
320,gc_content,segment_7916_8695_647_697,NeutralModel,93.0853121863632,-174.40591849037347,0.003451717670501959,0.050759350256236895,-0.024174952688049284,,3.306359938154942
321,gc_content,segment_7916_8695_647_697,NeutralModel (Z0=Zeq),91.05017855061874,-175.43369043457082,0.003470324979297107,0.05184046173082022,0.30984848932802694,,0.30984848932802694
322,gc_content,segment_7916_8695_647_697,NeutralModel (fixed u=1.34),92.96488212684093,-176.78690711082473,0.0034556032878214574,0.05073079331921046,-0.032152943626400386,,2.5584374315391796
323,gc_content,segment_7916_8695_647_697,"NeutralModel (Z0=Zeq, fixed u=1.34)",90.84757862087716,-177.37083291743,0.0034723318830226953,0.05181461104486131,0.30998759128416264,,0.30998759128416264
324,gc_content,segment_7916_8695_647_697,"NeutralModel (fixed u=1.34, Z_eq=0.44)",92.96488212496689,-179.26309758326713,0.0034555911050665176,0.04831278435982772,-0.03214276869236937,,2.5583688217212344
325,gc_content,segment_7916_8695_647_697,"NeutralModel (fixed u=1.34, Z_eq=0.44, sigma_eq=0.2464/L)",,,,,,,
326,gc_content,segment_7916_8695_647_697,OU,91.64664450968574,-174.15043187651435,0.003466056565903251,0.05194217324872392,0.3094246291957137,,0.33142939712124975
327,gc_content,segment_7916_8695_647_697,OU (Z0=Zeq),91.646644509686,-176.62662235270534,0.0034660566090044336,0.0519500924796642,0.3094246296852314,,0.3094246296852314
328,gc_content,segment_7916_8695_647_697,BM,91.64489804847967,-178.96547177263503,0.0034659160982308834,0.05194831827304576,0.3094257839844643,,0.3094257839844643
329,longest_ORF,segment_7916_8695_647_697,NeutralModel,106.82598241088367,-201.8872589394144,0.0010717471398221444,0.01888985969338517,0.3250888588395274,,0.13408056683556688
330,longest_ORF,segment_7916_8695_647_697,NeutralModel (Z0=Zeq),106.81086665249256,-206.95506663831847,0.0010721234790472712,0.01787593694576874,0.30594404746071446,,0.30594404746071446
331,longest_ORF,segment_7916_8695_647_697,NeutralModel (fixed u=1.34),106.80900006968331,-204.47514299650948,0.0010718017856319326,0.018861877659482298,0.32488614600866345,,0.18137048600405833
332,longest_ORF,segment_7916_8695_647_697,"NeutralModel (Z0=Zeq, fixed u=1.34)",106.78959155312333,-209.25485878192234,0.0010722641377255955,0.017852003764531745,0.3059476595250366,,0.3059476595250366
333,longest_ORF,segment_7916_8695_647_697,OU,106.85062421740957,-204.558391291962,0.0010718390400721856,0.01833543914703836,0.30593843726543063,,0.3059382863611632
334,longest_ORF,segment_7916_8695_647_697,OU (Z0=Zeq),106.8506242148132,-207.03458176295973,0.0010718390391626093,0.017672801631910855,0.30593834823213045,,0.30593834823213045
335,longest_ORF,segment_7916_8695_647_697,BM,106.85348358629678,-209.38264284826923,0.001071815784661646,0.01794942072714321,0.30593858300887694,,0.30593858300887694
336,A_percent,segment_7916_8695_647_697,NeutralModel,108.97517655783334,-206.18564723331374,0.0011475922507535618,0.025251483457436604,0.36336931357581087,,-0.16128823319787505
337,A_percent,segment_7916_8695_647_697,NeutralModel (Z0=Zeq),108.7134653962959,-210.76026412592515,0.0011457465212606282,0.02351282577063126,0.31076288829619636,,0.31076288829619636
338,A_percent,segment_7916_8695_647_697,NeutralModel (fixed u=1.34),108.83551856556272,-208.5281799882683,0.0011490383269325453,0.024863814487639295,0.3649347766114725,,-0.04548585745621568
339,A_percent,segment_7916_8695_647_697,"NeutralModel (Z0=Zeq, fixed u=1.34)",108.52101965204237,-212.71771497976042,0.0011467172012393375,0.023475048238425653,0.310747365358767,,0.310747365358767
340,A_percent,segment_7916_8695_647_697,"NeutralModel (fixed u=1.34, Z_eq=0.28)",108.83551856555752,-211.00437046444839,0.001149038359771555,0.025233775655678692,0.3649348225769324,,-0.04548619142410503
341,A_percent,segment_7916_8695_647_697,"NeutralModel (fixed u=1.34, Z_eq=0.28, sigma_eq=0.2016/L)",,,,,,,
342,A_percent,segment_7916_8695_647_697,OU,109.28913730188711,-209.43541746091708,0.0011436825056468582,0.023626642989797712,0.3108067287093543,,0.31467157044547356
343,A_percent,segment_7916_8695_647_697,OU (Z0=Zeq),109.28913730199744,-211.91160793732823,0.0011436829930914832,0.02363058079802589,0.31080662833627176,,0.31080662833627176
344,A_percent,segment_7916_8695_647_697,BM,109.28792576687698,-214.25152720942964,0.0011436321987462906,0.023627918291840234,0.3108107201473602,,0.3108107201473602
345,longest_ORF_alan,segment_7916_8695_647_697,NeutralModel,-92.23862806466266,196.24196201167825,27.07952925646047,480.7729398978257,37.90676709011264,,-260.41734564163716
346,longest_ORF_alan,segment_7916_8695_647_697,NeutralModel (Z0=Zeq),-93.79483795438512,194.2563425754369,27.003659427134718,443.01297518444056,7.977043346886661,,7.977043346886661
347,longest_ORF_alan,segment_7916_8695_647_697,NeutralModel (fixed u=1.34),-92.29934484586909,193.7415468345953,27.06064681156922,479.7437771983249,38.34254248411437,,-191.60316955809182
348,longest_ORF_alan,segment_7916_8695_647_697,"NeutralModel (Z0=Zeq, fixed u=1.34)",-93.89693516544094,192.1181946552062,27.004540928478374,442.9211997200604,7.959694113903442,,7.959694113903442
349,longest_ORF_alan,segment_7916_8695_647_697,OU,-93.49988027358773,196.1426176900326,27.005011172564338,443.1211649517585,8.028466132443745,,8.02992125044604
350,longest_ORF_alan,segment_7916_8695_647_697,OU (Z0=Zeq),-93.499882291577,193.66643124982065,27.004939941246505,442.4072367293179,8.027413130230476,,8.027413130230476
351,longest_ORF_alan,segment_7916_8695_647_697,BM,-93.49987679702816,191.32407791838065,27.004934479496967,443.21098557532144,8.030974616889784,,8.030974616889784
352,gc_content,segment_10270_10563,NeutralModel,78.49116594282734,-145.10733188565467,0.0024117698734851785,0.026085379632116747,0.6505661104989092,,-0.3914848058042248
353,gc_content,segment_10270_10563,NeutralModel (Z0=Zeq),75.14335782309031,-143.58083329323944,0.0033668073392547388,0.025608202462619897,0.45908623122523445,,0.45908623122523445
354,gc_content,segment_10270_10563,NeutralModel (fixed u=1.34),78.35511888864282,-147.49811656516442,0.002406151150943485,0.02597419613670579,0.5778378444479925,,-0.32390457480149504
355,gc_content,segment_10270_10563,"NeutralModel (Z0=Zeq, fixed u=1.34)",74.70223339090585,-145.06160963895454,0.003533356914916536,0.02566824284882266,0.45911732690902907,,0.45911732690902907
356,gc_content,segment_10270_10563,"NeutralModel (fixed u=1.34, Z_eq=0.44)",78.35511888952968,-150.00435542611817,0.0024061586508388796,0.025974242555257005,0.5778433808792365,,-0.323941443442694
357,gc_content,segment_10270_10563,"NeutralModel (fixed u=1.34, Z_eq=0.44, sigma_eq=0.2464/L)",,,,,,,
358,gc_content,segment_10270_10563,OU,84.5966847310143,-159.9812482499074,0.0014783856594054615,0.02945115932214402,260.8767139718768,,0.4460857661425113
359,gc_content,segment_10270_10563,OU (Z0=Zeq),83.84839859226196,-160.99091483158273,0.0014858177295528632,0.02720952934149018,0.46069484490073503,,0.46069484490073503
360,gc_content,segment_10270_10563,BM,73.75333831656289,-143.16381949026862,0.0039292559878089505,0.02580046007211132,0.45919309135153247,,0.45919309135153247
361,longest_ORF,segment_10270_10563,NeutralModel,73.78711167854269,-135.69922335708537,0.0035388178327647422,0.060035183960477675,0.2159730573151469,,0.5209606792554192
362,longest_ORF,segment_10270_10563,NeutralModel (Z0=Zeq),73.56280200465659,-140.419721656372,0.003784700132574032,0.047981148944945616,0.2745064979684843,,0.2745064979684843
363,longest_ORF,segment_10270_10563,NeutralModel (fixed u=1.34),73.76944798287272,-138.32677475362422,0.0035479953438178145,0.06007622675114665,0.21711029468638413,,0.6483924292796259
364,longest_ORF,segment_10270_10563,"NeutralModel (Z0=Zeq, fixed u=1.34)",73.4585953780502,-142.57433361324325,0.003850367792991177,0.0477188226555733,0.2745722531049481,,0.2745722531049481
365,longest_ORF,segment_10270_10563,OU,73.8016959036193,-138.3912705951174,0.0035261344786041236,0.05986089928322269,0.21604404786477316,,0.3461365246984987
366,longest_ORF,segment_10270_10563,OU (Z0=Zeq),73.7842495553316,-140.862616757722,0.0035405744851114865,0.04982892461946038,0.27420136381702315,,0.27420136381702315
367,longest_ORF,segment_10270_10563,BM,73.17669972168466,-142.01054230051216,0.0040066101730203306,0.04724293485806466,0.27471516710439475,,0.27471516710439475
368,A_percent,segment_10270_10563,NeutralModel,107.79694142029581,-203.71888284059162,0.000523925387962913,0.007204196585274145,0.1599807378130062,,0.49786312914627784
369,A_percent,segment_10270_10563,NeutralModel (Z0=Zeq),105.04380860972762,-203.38173486651405,0.0006958936670303328,0.00710056462329699,0.22460615155150043,,0.22460615155150043
370,A_percent,segment_10270_10563,NeutralModel (fixed u=1.34),107.64385486824337,-206.07558852436551,0.0005314457637938956,0.007249973279574681,0.16236208608269326,,0.631662321950606
371,A_percent,segment_10270_10563,"NeutralModel (Z0=Zeq, fixed u=1.34)",104.70668273634098,-205.0705083298248,0.000723533243338477,0.00710560813770206,0.22461702489481133,,0.22461702489481133
372,A_percent,segment_10270_10563,"NeutralModel (fixed u=1.34, Z_eq=0.28)",107.64385486837864,-208.5818273838161,0.0005314453413553595,0.007228740807510154,0.16236360200022407,,0.631652150220681
373,A_percent,segment_10270_10563,"NeutralModel (fixed u=1.34, Z_eq=0.28, sigma_eq=0.2016/L)",,,,,,,
374,A_percent,segment_10270_10563,OU,110.26351507213886,-211.3149089321565,0.00040611326817518843,0.007645913786174139,-0.3349857258384874,,0.2397185191535225
375,A_percent,segment_10270_10563,OU (Z0=Zeq),109.851367425942,-212.99685249894281,0.00040475065530226433,0.007149632678695089,0.22470013356809165,,0.22470013356809165
376,A_percent,segment_10270_10563,BM,103.96887754198602,-203.59489794111488,0.0007883335239567957,0.007139046291263321,0.22463991589959606,,0.22463991589959606
377,longest_ORF_alan,segment_10270_10563,NeutralModel,-150.2032680284115,312.281536056823,461.63622423269123,5530.474843499226,37.23586354882794,,41.38064682077943
378,longest_ORF_alan,segment_10270_10563,NeutralModel (Z0=Zeq),-150.20339444662602,307.1126712461932,461.594800026677,5402.79481593605,38.02467614733451,,38.02467614733451
379,longest_ORF_alan,segment_10270_10563,NeutralModel (fixed u=1.34),-148.8583243924318,306.9287699969848,400.50995056294073,5953.802942783877,46.59928402709335,,-18.87432963518681
380,longest_ORF_alan,segment_10270_10563,"NeutralModel (Z0=Zeq, fixed u=1.34)",-150.4527189131419,305.24829496914094,473.4669170943658,5382.478155247976,38.02337022737983,,38.02337022737983
381,longest_ORF_alan,segment_10270_10563,OU,-148.04333182653647,305.29878486519414,375.72588609841404,6265.960189204248,91.0767930465338,,28.289167819045822
382,longest_ORF_alan,segment_10270_10563,OU (Z0=Zeq),-148.08729772984083,302.8804778126228,375.97633774247726,5896.867451740688,38.60942933255116,,38.60942933255116
383,longest_ORF_alan,segment_10270_10563,BM,-151.01560848124794,306.37407410535303,502.30577940155257,5341.898015928815,38.03246059545249,,38.03246059545249
384,gc_content,segment_11196_11705_224_274,NeutralModel,70.37691227189468,-128.93564272560755,0.009030420948443111,0.14175414695504734,0.19588864174934636,,2.0763100408811566
385,gc_content,segment_11196_11705_224_274,NeutralModel (Z0=Zeq),70.00820001633895,-133.3306857469636,0.00901984423447369,0.13426043989237954,0.3844298701638896,,0.3844298701638896
386,gc_content,segment_11196_11705_224_274,NeutralModel (fixed u=1.34),70.27221121601228,-131.36795184378926,0.009033975513943953,0.14154619334443602,0.19070335607077255,,1.6583962578182714
387,gc_content,segment_11196_11705_224_274,"NeutralModel (Z0=Zeq, fixed u=1.34)",69.84676389918293,-135.36019446503252,0.009025409572209842,0.1339333289336281,0.38447007867570354,,0.38447007867570354
388,gc_content,segment_11196_11705_224_274,"NeutralModel (fixed u=1.34, Z_eq=0.44)",70.27221121606864,-133.858708146423,0.009033975718412607,0.14132502564622926,0.1907043161862581,,1.6583885697639187
389,gc_content,segment_11196_11705_224_274,"NeutralModel (fixed u=1.34, Z_eq=0.44, sigma_eq=0.2464/L)",,,,,,,
390,gc_content,segment_11196_11705_224_274,OU,70.48362210610634,-131.79077362397737,0.009004239548400567,0.13526276634778275,0.3843028457252497,,0.38858602756057603
391,gc_content,segment_11196_11705_224_274,OU (Z0=Zeq),70.48361954548844,-134.2815248052626,0.009004261260300496,0.1353013587129357,0.384295148477247,,0.384295148477247
392,gc_content,segment_11196_11705_224_274,BM,70.4836225867916,-136.63391184024985,0.009004261419081285,0.13524963257121553,0.38429513750152483,,0.38429513750152483
393,longest_ORF,segment_11196_11705_224_274,NeutralModel,128.25054376755799,-244.68290571693416,0.0005415503912092848,0.008759722695163162,0.4112385295452644,,-0.5404529557079931
394,longest_ORF,segment_11196_11705_224_274,NeutralModel (Z0=Zeq),126.62178594829535,-246.55785761087643,0.0005883457459934517,0.008220472459812644,0.31673355704099293,,0.31673355704099293
395,longest_ORF,segment_11196_11705_224_274,NeutralModel (fixed u=1.34),128.11749801006286,-247.05852543189042,0.0005422042980425089,0.0087475526529828,0.4132906210757368,,-0.325177297710527
396,longest_ORF,segment_11196_11705_224_274,"NeutralModel (Z0=Zeq, fixed u=1.34)",126.4712687942669,-248.60920425520047,0.0005873065283123364,0.008204273734577855,0.31669394402681583,,0.31669394402681583
397,longest_ORF,segment_11196_11705_224_274,OU,127.02570833728572,-244.87494608633614,0.0005913746029645708,0.00826290864512625,0.31685505963878885,,0.3168551319218987
398,longest_ORF,segment_11196_11705_224_274,OU (Z0=Zeq),127.02570842410685,-247.36570256249942,0.0005913745444734494,0.00826385706776211,0.3168549288895124,,0.3168549288895124
399,longest_ORF,segment_11196_11705_224_274,BM,127.0710830391415,-249.80883274494965,0.0005917392893995798,0.008267835903515375,0.3168552832255872,,0.3168552832255872
400,A_percent,segment_11196_11705_224_274,NeutralModel,84.46295346596122,-157.10772511374063,0.0031309061671232277,0.0504700323282834,0.49767430134021384,,-1.1007958110008926
401,A_percent,segment_11196_11705_224_274,NeutralModel (Z0=Zeq),84.10532391415146,-161.52493354258863,0.0030964607691653097,0.047053821713079626,0.3373735447800627,,0.3373735447800627
402,A_percent,segment_11196_11705_224_274,NeutralModel (fixed u=1.34),84.44717548690812,-159.71788038558094,0.0031255731941254392,0.05071387585447507,0.5015188384214003,,-0.7418778204138258
403,A_percent,segment_11196_11705_224_274,"NeutralModel (Z0=Zeq, fixed u=1.34)",84.06593013033628,-163.79852692733922,0.003085668710498502,0.047084558971740534,0.33732530660193294,,0.33732530660193294
404,A_percent,segment_11196_11705_224_274,"NeutralModel (fixed u=1.34, Z_eq=0.28)",84.44717548734403,-162.20863668897377,0.0031255775664686893,0.050380976406665404,0.5015196714575293,,-0.7418810899547525
405,A_percent,segment_11196_11705_224_274,"NeutralModel (fixed u=1.34, Z_eq=0.28, sigma_eq=0.2016/L)",,,,,,,
406,A_percent,segment_11196_11705_224_274,OU,84.20321063206134,-159.22995067588738,0.003135851848137118,0.04611521957724839,0.337509843145023,,0.2569705171224082
407,A_percent,segment_11196_11705_224_274,OU (Z0=Zeq),84.20321500830678,-161.7207157308993,0.0031359797438915054,0.046993605973461444,0.3375153563034274,,0.3375153563034274
408,A_percent,segment_11196_11705_224_274,BM,84.20321777928172,-164.0731022252301,0.003135915691208789,0.04697024624140683,0.33752574474464164,,0.33752574474464164
409,longest_ORF_alan,segment_11196_11705_224_274,NeutralModel,-100.2782516378071,212.37468509379602,41.94918200654749,827.3116733656085,10.615277617223141,,-22.986501733476697
410,longest_ORF_alan,segment_11196_11705_224_274,NeutralModel (Z0=Zeq),-100.29088127761463,207.26747684094354,41.92750936257546,769.7962323034542,7.244744214178034,,7.244744214178034
411,longest_ORF_alan,segment_11196_11705_224_274,NeutralModel (fixed u=1.34),-100.28981215617316,209.75609490058162,42.018518899045766,827.6236138248648,10.788021946444536,,-15.990236802893289
412,longest_ORF_alan,segment_11196_11705_224_274,"NeutralModel (Z0=Zeq, fixed u=1.34)",-100.32492376698303,204.9831808672994,41.864785100810295,767.4737053265738,7.238033340996889,,7.238033340996889
413,longest_ORF_alan,segment_11196_11705_224_274,OU,-100.1987837480149,209.5740380842651,42.15609247434288,776.061167669469,7.2655320528838105,,7.265962912177431
414,longest_ORF_alan,segment_11196_11705_224_274,OU (Z0=Zeq),-100.19878386296395,207.08328201164218,42.15591392361454,776.6825887998947,7.266156196244187,,7.266156196244187
415,longest_ORF_alan,segment_11196_11705_224_274,BM,-100.19878324937841,204.73089983209016,42.15589845045547,776.661216394071,7.266027893037955,,7.266027893037955
416,gc_content,segment_11935_12275,NeutralModel,102.37958810156574,-192.82369233216374,0.0008755037526065168,0.01628411689404995,0.46092171727051684,,0.45586587018453545
417,gc_content,segment_11935_12275,NeutralModel (Z0=Zeq),102.2809202567638,-197.8345677862549,0.0008708769160985982,0.015697363345379425,0.4603160028018186,,0.4603160028018186
418,gc_content,segment_11935_12275,NeutralModel (fixed u=1.34),102.33885831984315,-195.4277166396863,0.0008741404269025519,0.016349046374898084,0.46103499153994754,,0.4559951832571716
419,gc_content,segment_11935_12275,"NeutralModel (Z0=Zeq, fixed u=1.34)",102.20432823133336,-200.05571528619615,0.0008681944254038359,0.015702409882458225,0.4602385749408653,,0.4602385749408653
420,gc_content,segment_11935_12275,"NeutralModel (fixed u=1.34, Z_eq=0.44)",102.33884860392175,-197.95042448057077,0.0008741347241351238,0.01638152932848502,0.46100633462125207,,0.4562017090435073
421,gc_content,segment_11935_12275,"NeutralModel (fixed u=1.34, Z_eq=0.44, sigma_eq=0.2464/L)",,,,,,,
422,gc_content,segment_11935_12275,OU,102.49972289257454,-195.74944578514908,0.0008798927547914103,0.015684873457724804,0.4605422922358337,,0.46022630836252615
423,gc_content,segment_11935_12275,OU (Z0=Zeq),102.49972289264025,-198.27217305800778,0.0008798929227430242,0.015684420794292036,0.46054238049471286,,0.46054238049471286
424,gc_content,segment_11935_12275,BM,102.49475205564184,-200.6365629348131,0.0008799113978386232,0.015685271849460742,0.46054219400949015,,0.46054219400949015
425,longest_ORF,segment_11935_12275,NeutralModel,64.91401732553616,-117.89255078010459,0.004831588327322322,0.09150358498598218,-0.06605461098500161,,1.6232634451811643
426,longest_ORF,segment_11935_12275,NeutralModel (Z0=Zeq),63.42571171241622,-120.12415069755971,0.005393566825437368,0.08900855905663309,0.25172767629091186,,0.25172767629091186
427,longest_ORF,segment_11935_12275,NeutralModel (fixed u=1.34),64.86329220543853,-120.47658441087705,0.004857169017044346,0.09033760562870291,-0.05388481385677201,,2.290669506283439
428,longest_ORF,segment_11935_12275,"NeutralModel (Z0=Zeq, fixed u=1.34)",63.27017597882463,-122.18741078117867,0.005506866373228291,0.08910293747719947,0.2515286313873226,,0.2515286313873226
429,longest_ORF,segment_11935_12275,OU,65.13788592277115,-121.0257718455423,0.004590101497865379,0.09149212151676323,-0.5312143598289466,,0.4239139063887288
430,longest_ORF,segment_11935_12275,OU (Z0=Zeq),64.4713941106764,-122.21551549408007,0.0046030369036374075,0.08963171177580814,0.25382146001207223,,0.25382146001207223
431,longest_ORF,segment_11935_12275,BM,62.91395974083474,-121.47497830519889,0.005773267857054997,0.08961552834598914,0.25109851988647125,,0.25109851988647125
432,A_percent,segment_11935_12275,NeutralModel,127.7426668179969,-243.54984976502607,0.00026971930649783424,0.0034192662428086857,0.25927993174518704,,0.26460615468791404
433,A_percent,segment_11935_12275,NeutralModel (Z0=Zeq),127.69436355668154,-248.66145438609036,0.00026893531205002947,0.0032102140481897364,0.25984597784083685,,0.25984597784083685
434,A_percent,segment_11935_12275,NeutralModel (fixed u=1.34),127.69284626341413,-246.13569252682825,0.0002696309423938375,0.0033746929331198608,0.2591804591319042,,0.26407370244779343
435,A_percent,segment_11935_12275,"NeutralModel (Z0=Zeq, fixed u=1.34)",127.62304173334648,-250.89314229022239,0.00026864763198523807,0.00321800386153509,0.25987168947787825,,0.25987168947787825
436,A_percent,segment_11935_12275,"NeutralModel (fixed u=1.34, Z_eq=0.28)",127.75769485430277,-248.78811698133282,0.0002698184196664843,0.003443894569383566,0.2820573417851857,,0.11254326426864963
437,A_percent,segment_11935_12275,"NeutralModel (fixed u=1.34, Z_eq=0.28, sigma_eq=0.2016/L)",,,,,,,
438,A_percent,segment_11935_12275,OU,127.86495459803727,-246.47990919607454,0.00026992664675072717,0.00319157832210515,0.2597739444219756,,0.25977375868765
439,A_percent,segment_11935_12275,OU (Z0=Zeq),127.86495463519151,-249.0026365431103,0.0002699266475189099,0.003191765387643647,0.25977407080133574,,0.25977407080133574
440,A_percent,segment_11935_12275,BM,127.88220378991292,-251.41146640335526,0.00027005398910585763,0.0031891275429880915,0.2597739226507011,,0.2597739226507011
441,longest_ORF_alan,segment_11935_12275,NeutralModel,-132.82335985866123,277.5822035882902,313.6470839721981,5061.040820320828,-56.33088816349538,,937.9349936234619
442,longest_ORF_alan,segment_11935_12275,NeutralModel (Z0=Zeq),-133.78439408573297,274.2960608987387,304.29693265363755,5211.640829954775,42.71973034695473,,42.71973034695473
443,longest_ORF_alan,segment_11935_12275,NeutralModel (fixed u=1.34),-132.80040357015358,274.85080714030715,314.26119960816317,5102.575887979583,-57.77192301203183,,708.5633559344697
444,longest_ORF_alan,segment_11935_12275,"NeutralModel (Z0=Zeq, fixed u=1.34)",-133.89814088827848,272.14922295302756,303.6503698918069,5226.668642066929,42.695054804101666,,42.695054804101666
445,longest_ORF_alan,segment_11935_12275,OU,-133.4462430833634,276.1424861667268,306.2609989090163,5168.001831149924,42.79556886783992,,42.79623393584057
446,longest_ORF_alan,segment_11935_12275,OU (Z0=Zeq),-133.4462420127001,273.61975675267297,306.24274787866324,5167.999828894326,42.79633896587752,,42.79633896587752
447,longest_ORF_alan,segment_11935_12275,BM,-133.45714325703221,271.26722769053504,306.2784521929442,5168.031940693445,42.796203995879225,,42.796203995879225
448,gc_content,segment_7916_8695,NeutralModel,121.21095125911366,-230.65719663587439,0.0006508390627326788,0.011193618495972966,0.29692023815205276,,1.5492142868130578
449,gc_content,segment_7916_8695,NeutralModel (Z0=Zeq),119.96054927323874,-233.25443187981082,0.000641780076015065,0.010954200306502125,0.4224362859834728,,0.4224362859834728
450,gc_content,segment_7916_8695,NeutralModel (fixed u=1.34),121.10655033819292,-233.0702435335287,0.0006506078417479907,0.011190792500846,0.2954589954635955,,1.2575997780637505
451,gc_content,segment_7916_8695,"NeutralModel (Z0=Zeq, fixed u=1.34)",119.81447198418104,-235.30461964403776,0.0006414566646528679,0.010966843243353225,0.42242486472745433,,0.42242486472745433
452,gc_content,segment_7916_8695,"NeutralModel (fixed u=1.34, Z_eq=0.44)",121.10655033826589,-235.54643400986512,0.0006506076706223214,0.011207086194075585,0.29545954141299374,,1.2575960779033957
453,gc_content,segment_7916_8695,"NeutralModel (fixed u=1.34, Z_eq=0.44, sigma_eq=0.2464/L)",,,,,,,
454,gc_content,segment_7916_8695,OU,120.38903729305274,-231.63521744324834,0.0006431718139410819,0.010918505926841649,0.4224617412774662,,0.4688305916109707
455,gc_content,segment_7916_8695,OU (Z0=Zeq),120.38903729304283,-234.111407919419,0.000643171819949192,0.010917592941850086,0.42246177382884526,,0.42246177382884526
456,gc_content,segment_7916_8695,BM,120.38714115567812,-236.44995798703192,0.000643150448595671,0.010917928240242023,0.42246117573743786,,0.42246117573743786
457,longest_ORF,segment_7916_8695,NeutralModel,97.72303034137039,-183.68135480038785,0.001207971393883931,0.0147927486850484,-0.12361878383385119,,1.2004763000728766
458,longest_ORF,segment_7916_8695,NeutralModel (Z0=Zeq),92.78835464609287,-178.91004262551908,0.0015344240385010274,0.018217108037162356,0.12858718265360278,,0.12858718265360278
459,longest_ORF,segment_7916_8695,NeutralModel (fixed u=1.34),97.50562491599291,-185.86839268912868,0.0012248250045421164,0.014788822740826744,-0.11569560181688068,,1.7347255272212958
460,longest_ORF,segment_7916_8695,"NeutralModel (Z0=Zeq, fixed u=1.34)",92.38670627706544,-180.44908822980656,0.0015996723007170404,0.018312974990403994,0.12855551644062205,,0.12855551644062205
461,longest_ORF,segment_7916_8695,OU,102.7845276474969,-196.42619815213666,0.0009603237213715916,0.014023502168748366,-6.852714380793742,,0.17282093337995663
462,longest_ORF,segment_7916_8695,OU (Z0=Zeq),99.19757858828372,-191.72849050990078,0.000979418645187454,0.016358403526645544,0.12671148472062266,,0.12671148472062266
463,longest_ORF,segment_7916_8695,BM,91.52246521700451,-178.7206061096847,0.001751698015352143,0.018512677907088763,0.12846468252039742,,0.12846468252039742
464,A_percent,segment_7916_8695,NeutralModel,136.04165923216533,-260.31861258197773,0.00023747594679417741,0.005283102942704987,0.30348631467215853,,0.10490384101961256
465,A_percent,segment_7916_8695,NeutralModel (Z0=Zeq),135.88051708095807,-265.09436749524946,0.00023577419919378385,0.005048384073922755,0.2836276544008236,,0.2836276544008236
466,A_percent,segment_7916_8695,NeutralModel (fixed u=1.34),135.92815818954932,-262.7134592362415,0.00023667766986790173,0.005255880426415439,0.28367597197145916,,0.28313163225328764
467,A_percent,segment_7916_8695,"NeutralModel (Z0=Zeq, fixed u=1.34)",135.7899111750371,-267.2554980257499,0.00023513645753563378,0.005041907157675079,0.2836630713859066,,0.2836630713859066
468,A_percent,segment_7916_8695,"NeutralModel (fixed u=1.34, Z_eq=0.28)",135.92836064132356,-265.19005461598044,0.0002366733963485284,0.005299391504695286,0.28371173636656494,,0.2828935795242725
469,A_percent,segment_7916_8695,"NeutralModel (fixed u=1.34, Z_eq=0.28, sigma_eq=0.2016/L)",,,,,,,
470,A_percent,segment_7916_8695,OU,136.1150904405107,-263.08732373816423,0.00023768238541404827,0.005067586364457073,0.2835363387752489,,0.2835206585397309
471,A_percent,segment_7916_8695,OU (Z0=Zeq),136.11508948186173,-265.5635122970568,0.0002376812398595266,0.005068064031479186,0.28353493612754105,,0.28353493612754105
472,A_percent,segment_7916_8695,BM,136.1406183883816,-267.95691245243887,0.00023791658300542198,0.005067575488682727,0.28352222903954805,,0.28352222903954805
473,longest_ORF_alan,segment_7916_8695,NeutralModel,-166.7883184057998,345.3413426939525,718.044340794883,11896.257759981394,62.549426784485775,,64.04471452029185
474,longest_ORF_alan,segment_7916_8695,NeutralModel (Z0=Zeq),-166.71030212288474,340.08727091243617,712.025226485611,11809.987285879137,62.887031278937926,,62.887031278937926
475,longest_ORF_alan,segment_7916_8695,NeutralModel (fixed u=1.34),-164.60981809527794,338.36249333341306,605.2837988298415,11888.759446465316,40.052340402539485,,221.19499274282956
476,longest_ORF_alan,segment_7916_8695,"NeutralModel (Z0=Zeq, fixed u=1.34)",-166.96372619085994,338.2517767060442,730.2339416089029,11866.598946744494,62.808242195766624,,62.808242195766624
477,longest_ORF_alan,segment_7916_8695,OU,-163.71973858951122,336.5823343218796,557.7170063579754,11507.062609028339,-4.594895309611956,,70.92570411503019
478,longest_ORF_alan,segment_7916_8695,OU (Z0=Zeq),-163.74727038721798,334.16120744110265,557.4961401036711,11029.534522091071,64.08507285918972,,64.08507285918972
479,longest_ORF_alan,segment_7916_8695,BM,-167.52205819967878,339.3684407236819,773.748623965877,11981.943349005978,62.63790069387472,,62.63790069387472
